{"cameraMode":{"drawMode":0,"name":"Shaded","section":"Shading Mode"},"sceneLighting":false,"audioPlay":false,"sceneViewState":{"m_AlwaysRefresh":false,"showFog":true,"showSkybox":false,"showFlares":true,"showImageEffects":true,"showParticleSystems":true,"showVisualEffectGraphs":true,"m_FxEnabled":true},"in2DMode":false,"pivot":{"x":-1.185469388961792,"y":-0.37668412923812868,"z":1.4683594703674317},"rotation":{"x":0.21541766822338105,"y":0.25800952315330508,"z":-0.05919050797820091,"w":0.939985990524292},"size":1.2247449159622193,"orthographic":false}