{"cameraMode":{"drawMode":0,"name":"Shaded","section":"Shading Mode"},"sceneLighting":false,"audioPlay":false,"sceneViewState":{"m_AlwaysRefresh":false,"showFog":true,"showSkybox":false,"showFlares":true,"showImageEffects":true,"showParticleSystems":true,"showVisualEffectGraphs":true,"m_FxEnabled":true},"in2DMode":false,"pivot":{"x":-0.02454066276550293,"y":-4.141469955444336,"z":-0.24963712692260743},"rotation":{"x":0.15807455778121949,"y":-0.4019150733947754,"z":0.07066057622432709,"w":0.8992660045623779},"size":12.878021240234375,"orthographic":false}