{"cameraMode":{"drawMode":0,"name":"Shaded","section":"Shading Mode"},"sceneLighting":false,"audioPlay":false,"sceneViewState":{"m_AlwaysRefresh":false,"showFog":true,"showSkybox":false,"showFlares":true,"showImageEffects":true,"showParticleSystems":true,"showVisualEffectGraphs":true,"m_FxEnabled":true},"in2DMode":false,"pivot":{"x":-0.20000004768371583,"y":0.9090983867645264,"z":0.13967657089233399},"rotation":{"x":-0.22944052517414094,"y":0.5987704992294312,"z":-0.18444061279296876,"w":-0.7448587417602539},"size":2.0698466300964357,"orthographic":false}