{"cameraMode":{"drawMode":0,"name":"Shaded","section":"Shading Mode"},"sceneLighting":false,"audioPlay":false,"sceneViewState":{"m_AlwaysRefresh":false,"showFog":true,"showSkybox":false,"showFlares":true,"showImageEffects":true,"showParticleSystems":true,"showVisualEffectGraphs":true,"m_FxEnabled":true},"in2DMode":false,"pivot":{"x":0.0009660720825195313,"y":0.0022215843200683595,"z":0.0006546974182128906},"rotation":{"x":0.41997599601745608,"y":0.578900933265686,"z":-0.46995529532432558,"w":0.5173354148864746},"size":3.6986961364746095,"orthographic":true}